number,datetime,name,address,coordinates,temperature,relative_humidity,dew_point,apparent_temperature,precipitation_probability,rain,surface_pressure,bike_stands,available_bike_stands
10,2024-04-13 13:00:00,TELEMACH - GLAVNI TRG - STARI PERON,Glavni trg 20,"{'lat': 46.557328, 'lng': 15.646833}",23.3,47,11.3,23.9,0,0.0,996.3,20,8
10,2024-04-13 11:00:00,TELEMACH - GLAVNI TRG - STARI PERON,Glavni trg 20,"{'lat': 46.557328, 'lng': 15.646833}",20.3,56,11.2,20.5,0,0.0,997.1,20,4
10,2024-04-13 12:00:00,TELEMACH - GLAVNI TRG - STARI PERON,Glavni trg 20,"{'lat': 46.557328, 'lng': 15.646833}",22.0,53,11.9,22.7,0,0.0,996.9,20,3
10,2024-04-13 13:00:00,TELEMACH - GLAVNI TRG - STARI PERON,Glavni trg 20,"{'lat': 46.557328, 'lng': 15.646833}",23.3,47,11.3,23.9,0,0.0,996.3,20,2
10,2024-04-13 14:00:00,TELEMACH - GLAVNI TRG - STARI PERON,Glavni trg 20,"{'lat': 46.557328, 'lng': 15.646833}",24.2,40,9.7,24.4,0,0.0,995.5,20,4
10,2024-04-13 15:00:00,TELEMACH - GLAVNI TRG - STARI PERON,Glavni trg 20,"{'lat': 46.557328, 'lng': 15.646833}",24.6,38,9.3,23.9,0,0.0,994.8,20,6
10,2024-04-13 16:00:00,TELEMACH - GLAVNI TRG - STARI PERON,Glavni trg 20,"{'lat': 46.557328, 'lng': 15.646833}",24.6,39,9.7,23.3,0,0.0,993.8,20,4
10,2024-04-13 17:00:00,TELEMACH - GLAVNI TRG - STARI PERON,Glavni trg 20,"{'lat': 46.557328, 'lng': 15.646833}",25.2,35,8.7,23.0,0,0.0,992.7,20,0
10,2024-04-13 18:00:00,TELEMACH - GLAVNI TRG - STARI PERON,Glavni trg 20,"{'lat': 46.557328, 'lng': 15.646833}",24.8,41,10.6,23.1,0,0.0,992.6,20,4
10,2024-04-13 19:00:00,TELEMACH - GLAVNI TRG - STARI PERON,Glavni trg 20,"{'lat': 46.557328, 'lng': 15.646833}",23.3,45,10.7,21.6,0,0.0,992.2,20,0
10,2024-04-13 20:00:00,TELEMACH - GLAVNI TRG - STARI PERON,Glavni trg 20,"{'lat': 46.557328, 'lng': 15.646833}",21.6,48,10.1,20.5,0,0.0,992.2,20,8
10,2024-04-13 21:00:00,TELEMACH - GLAVNI TRG - STARI PERON,Glavni trg 20,"{'lat': 46.557328, 'lng': 15.646833}",20.3,52,10.1,20.2,0,0.0,992.1,20,8
10,2024-04-14 00:00:00,TELEMACH - GLAVNI TRG - STARI PERON,Glavni trg 20,"{'lat': 46.557328, 'lng': 15.646833}",15.8,61,8.3,15.0,0,0.0,992.4,20,20
10,2024-04-14 00:00:00,TELEMACH - GLAVNI TRG - STARI PERON,Glavni trg 20,"{'lat': 46.557328, 'lng': 15.646833}",15.4,61,7.9,14.4,0,0.0,992.6,20,20
10,2024-04-14 01:00:00,TELEMACH - GLAVNI TRG - STARI PERON,Glavni trg 20,"{'lat': 46.557328, 'lng': 15.646833}",15.2,65,8.6,14.4,0,0.0,992.1,20,20
10,2024-04-14 03:00:00,TELEMACH - GLAVNI TRG - STARI PERON,Glavni trg 20,"{'lat': 46.557328, 'lng': 15.646833}",12.3,77,8.3,11.4,0,0.0,991.0,20,20
10,2024-04-14 04:00:00,TELEMACH - GLAVNI TRG - STARI PERON,Glavni trg 20,"{'lat': 46.557328, 'lng': 15.646833}",12.7,73,7.9,11.8,0,0.0,991.0,20,20
10,2024-04-14 05:00:00,TELEMACH - GLAVNI TRG - STARI PERON,Glavni trg 20,"{'lat': 46.557328, 'lng': 15.646833}",12.1,75,7.8,11.2,0,0.0,990.5,20,19
10,2024-04-14 06:00:00,TELEMACH - GLAVNI TRG - STARI PERON,Glavni trg 20,"{'lat': 46.557328, 'lng': 15.646833}",11.3,80,8.0,10.5,0,0.0,990.3,20,20
10,2024-04-14 08:00:00,TELEMACH - GLAVNI TRG - STARI PERON,Glavni trg 20,"{'lat': 46.557328, 'lng': 15.646833}",11.9,83,9.1,11.0,0,0.0,989.9,20,17
10,2024-04-14 11:00:00,TELEMACH - GLAVNI TRG - STARI PERON,Glavni trg 20,"{'lat': 46.557328, 'lng': 15.646833}",22.8,50,11.8,23.3,0,0.0,990.1,20,18
10,2024-04-14 14:00:00,TELEMACH - GLAVNI TRG - STARI PERON,Glavni trg 20,"{'lat': 46.557328, 'lng': 15.646833}",29.2,31,10.3,28.9,0,0.0,988.2,20,20
10,2024-04-14 21:00:00,TELEMACH - GLAVNI TRG - STARI PERON,Glavni trg 20,"{'lat': 46.557328, 'lng': 15.646833}",19.9,42,6.6,18.6,0,0.0,983.8,20,13
10,2024-04-15 00:00:00,TELEMACH - GLAVNI TRG - STARI PERON,Glavni trg 20,"{'lat': 46.557328, 'lng': 15.646833}",16.6,54,7.3,15.2,0,0.0,983.9,20,15
10,2024-04-15 03:00:00,TELEMACH - GLAVNI TRG - STARI PERON,Glavni trg 20,"{'lat': 46.557328, 'lng': 15.646833}",14.4,67,8.3,13.7,0,0.0,982.8,20,15
10,2024-04-15 04:00:00,TELEMACH - GLAVNI TRG - STARI PERON,Glavni trg 20,"{'lat': 46.557328, 'lng': 15.646833}",13.9,70,8.5,13.3,0,0.0,981.7,20,14
10,2024-04-15 05:00:00,TELEMACH - GLAVNI TRG - STARI PERON,Glavni trg 20,"{'lat': 46.557328, 'lng': 15.646833}",12.7,79,9.1,12.1,0,0.0,981.3,20,4
10,2024-04-15 06:00:00,TELEMACH - GLAVNI TRG - STARI PERON,Glavni trg 20,"{'lat': 46.557328, 'lng': 15.646833}",11.9,78,8.2,11.2,0,0.0,980.2,20,3
10,2024-04-15 07:00:00,TELEMACH - GLAVNI TRG - STARI PERON,Glavni trg 20,"{'lat': 46.557328, 'lng': 15.646833}",12.5,70,7.2,11.7,0,0.0,979.9,20,7
10,2024-04-15 08:00:00,TELEMACH - GLAVNI TRG - STARI PERON,Glavni trg 20,"{'lat': 46.557328, 'lng': 15.646833}",13.9,68,8.1,12.8,0,0.0,979.2,20,11
10,2024-04-15 09:00:00,TELEMACH - GLAVNI TRG - STARI PERON,Glavni trg 20,"{'lat': 46.557328, 'lng': 15.646833}",17.8,53,8.1,16.4,0,0.1,979.4,20,12
10,2024-04-15 10:00:00,TELEMACH - GLAVNI TRG - STARI PERON,Glavni trg 20,"{'lat': 46.557328, 'lng': 15.646833}",22.0,47,10.2,21.0,0,0.1,979.3,20,3
10,2024-04-15 11:00:00,TELEMACH - GLAVNI TRG - STARI PERON,Glavni trg 20,"{'lat': 46.557328, 'lng': 15.646833}",24.6,39,9.7,24.5,0,0.1,978.9,20,10
10,2024-04-15 12:00:00,TELEMACH - GLAVNI TRG - STARI PERON,Glavni trg 20,"{'lat': 46.557328, 'lng': 15.646833}",26.1,36,9.8,26.3,0,0.1,978.7,20,7
10,2024-04-15 13:00:00,TELEMACH - GLAVNI TRG - STARI PERON,Glavni trg 20,"{'lat': 46.557328, 'lng': 15.646833}",27.5,34,10.3,28.6,0,0.1,977.6,20,11
10,2024-04-15 14:00:00,TELEMACH - GLAVNI TRG - STARI PERON,Glavni trg 20,"{'lat': 46.557328, 'lng': 15.646833}",27.5,30,8.4,25.7,0,0.1,977.1,20,19
10,2024-04-15 15:00:00,TELEMACH - GLAVNI TRG - STARI PERON,Glavni trg 20,"{'lat': 46.557328, 'lng': 15.646833}",28.0,27,7.2,25.6,0,0.1,976.1,20,13
10,2024-04-15 16:00:00,TELEMACH - GLAVNI TRG - STARI PERON,Glavni trg 20,"{'lat': 46.557328, 'lng': 15.646833}",27.1,30,8.0,24.5,0,0.1,975.4,20,19
10,2024-04-15 17:00:00,TELEMACH - GLAVNI TRG - STARI PERON,Glavni trg 20,"{'lat': 46.557328, 'lng': 15.646833}",25.8,29,6.4,23.2,0,0.1,975.2,20,18
10,2024-04-15 18:00:00,TELEMACH - GLAVNI TRG - STARI PERON,Glavni trg 20,"{'lat': 46.557328, 'lng': 15.646833}",23.9,33,6.6,21.1,0,0.1,973.9,20,13
10,2024-04-15 19:00:00,TELEMACH - GLAVNI TRG - STARI PERON,Glavni trg 20,"{'lat': 46.557328, 'lng': 15.646833}",22.5,37,7.1,19.7,0,0.1,973.7,20,13
10,2024-04-15 20:00:00,TELEMACH - GLAVNI TRG - STARI PERON,Glavni trg 20,"{'lat': 46.557328, 'lng': 15.646833}",21.7,35,5.6,18.8,0,0.1,973.2,20,16
10,2024-04-15 21:00:00,TELEMACH - GLAVNI TRG - STARI PERON,Glavni trg 20,"{'lat': 46.557328, 'lng': 15.646833}",21.0,36,5.3,18.5,0,0.1,972.9,20,18
10,2024-04-16 00:00:00,TELEMACH - GLAVNI TRG - STARI PERON,Glavni trg 20,"{'lat': 46.557328, 'lng': 15.646833}",16.2,60,8.4,14.4,0,0.1,971.9,20,18
10,2024-04-16 00:00:00,TELEMACH - GLAVNI TRG - STARI PERON,Glavni trg 20,"{'lat': 46.557328, 'lng': 15.646833}",19.3,44,6.8,17.4,0,0.1,971.9,20,19
10,2024-04-16 01:00:00,TELEMACH - GLAVNI TRG - STARI PERON,Glavni trg 20,"{'lat': 46.557328, 'lng': 15.646833}",15.6,62,8.4,13.9,0,0.1,971.9,20,18
10,2024-04-16 02:00:00,TELEMACH - GLAVNI TRG - STARI PERON,Glavni trg 20,"{'lat': 46.557328, 'lng': 15.646833}",14.2,72,9.2,11.8,0,0.1,972.6,20,19
10,2024-04-16 02:00:00,TELEMACH - GLAVNI TRG - STARI PERON,Glavni trg 20,"{'lat': 46.557328, 'lng': 15.646833}",14.2,72,9.2,11.8,0,0.1,972.6,20,19
10,2024-04-16 03:00:00,TELEMACH - GLAVNI TRG - STARI PERON,Glavni trg 20,"{'lat': 46.557328, 'lng': 15.646833}",13.2,79,9.6,11.3,0,0.1,972.7,20,16
10,2024-04-16 04:00:00,TELEMACH - GLAVNI TRG - STARI PERON,Glavni trg 20,"{'lat': 46.557328, 'lng': 15.646833}",13.0,80,9.6,11.9,0,0.1,972.1,20,14
10,2024-04-16 05:00:00,TELEMACH - GLAVNI TRG - STARI PERON,Glavni trg 20,"{'lat': 46.557328, 'lng': 15.646833}",12.9,80,9.5,11.7,0,0.1,971.9,20,11
10,2024-04-16 06:00:00,TELEMACH - GLAVNI TRG - STARI PERON,Glavni trg 20,"{'lat': 46.557328, 'lng': 15.646833}",13.0,80,9.6,11.9,17,0.1,970.8,20,7
10,2024-04-16 07:00:00,TELEMACH - GLAVNI TRG - STARI PERON,Glavni trg 20,"{'lat': 46.557328, 'lng': 15.646833}",13.3,81,10.1,12.1,35,0.1,970.9,20,9
10,2024-04-16 08:00:00,TELEMACH - GLAVNI TRG - STARI PERON,Glavni trg 20,"{'lat': 46.557328, 'lng': 15.646833}",12.6,86,10.3,11.3,26,0.1,970.9,20,4
10,2024-04-16 09:00:00,TELEMACH - GLAVNI TRG - STARI PERON,Glavni trg 20,"{'lat': 46.557328, 'lng': 15.646833}",11.7,84,9.1,9.8,51,0.1,971.2,20,5
10,2024-04-16 10:00:00,TELEMACH - GLAVNI TRG - STARI PERON,Glavni trg 20,"{'lat': 46.557328, 'lng': 15.646833}",8.3,81,5.2,5.5,75,0.1,974.0,20,7
10,2024-04-16 11:00:00,TELEMACH - GLAVNI TRG - STARI PERON,Glavni trg 20,"{'lat': 46.557328, 'lng': 15.646833}",7.6,82,4.7,4.8,100,0.1,975.8,20,5
10,2024-04-16 12:00:00,TELEMACH - GLAVNI TRG - STARI PERON,Glavni trg 20,"{'lat': 46.557328, 'lng': 15.646833}",7.5,77,3.7,4.2,100,0.1,975.4,20,6
10,2024-04-16 13:00:00,TELEMACH - GLAVNI TRG - STARI PERON,Glavni trg 20,"{'lat': 46.557328, 'lng': 15.646833}",6.6,81,3.6,3.4,100,0.1,975.2,20,7
10,2024-04-16 14:00:00,TELEMACH - GLAVNI TRG - STARI PERON,Glavni trg 20,"{'lat': 46.557328, 'lng': 15.646833}",3.4,87,1.4,0.9,100,0.1,977.5,20,8
10,2024-04-16 15:00:00,TELEMACH - GLAVNI TRG - STARI PERON,Glavni trg 20,"{'lat': 46.557328, 'lng': 15.646833}",3.4,87,1.4,1.1,100,0.1,976.8,20,8
10,2024-04-16 16:00:00,TELEMACH - GLAVNI TRG - STARI PERON,Glavni trg 20,"{'lat': 46.557328, 'lng': 15.646833}",3.1,88,1.3,0.4,100,1.0,976.5,20,8
10,2024-04-16 17:00:00,TELEMACH - GLAVNI TRG - STARI PERON,Glavni trg 20,"{'lat': 46.557328, 'lng': 15.646833}",4.1,79,0.8,1.6,100,1.8,977.7,20,11
10,2024-04-16 18:00:00,TELEMACH - GLAVNI TRG - STARI PERON,Glavni trg 20,"{'lat': 46.557328, 'lng': 15.646833}",3.8,86,1.7,0.9,99,0.4,977.2,20,9
10,2024-04-16 19:00:00,TELEMACH - GLAVNI TRG - STARI PERON,Glavni trg 20,"{'lat': 46.557328, 'lng': 15.646833}",3.3,88,1.5,0.1,91,0.1,976.9,20,14
10,2024-04-16 20:00:00,TELEMACH - GLAVNI TRG - STARI PERON,Glavni trg 20,"{'lat': 46.557328, 'lng': 15.646833}",3.1,87,1.2,-0.1,87,0.0,976.8,20,16
10,2024-04-16 21:00:00,TELEMACH - GLAVNI TRG - STARI PERON,Glavni trg 20,"{'lat': 46.557328, 'lng': 15.646833}",3.8,84,1.4,1.4,77,0.0,977.4,20,14
10,2024-04-17 00:00:00,TELEMACH - GLAVNI TRG - STARI PERON,Glavni trg 20,"{'lat': 46.557328, 'lng': 15.646833}",4.5,82,1.7,2.4,44,0.0,975.4,20,13
10,2024-04-17 00:00:00,TELEMACH - GLAVNI TRG - STARI PERON,Glavni trg 20,"{'lat': 46.557328, 'lng': 15.646833}",4.2,84,1.7,2.0,44,0.0,975.4,20,13
10,2024-04-17 01:00:00,TELEMACH - GLAVNI TRG - STARI PERON,Glavni trg 20,"{'lat': 46.557328, 'lng': 15.646833}",4.6,86,2.4,2.5,30,0.0,975.0,20,11
10,2024-04-17 02:00:00,TELEMACH - GLAVNI TRG - STARI PERON,Glavni trg 20,"{'lat': 46.557328, 'lng': 15.646833}",4.4,89,2.8,2.5,0,0.0,974.8,20,11
10,2024-04-17 02:00:00,TELEMACH - GLAVNI TRG - STARI PERON,Glavni trg 20,"{'lat': 46.557328, 'lng': 15.646833}",4.4,89,2.8,2.5,0,0.0,974.8,20,11
10,2024-04-17 03:00:00,TELEMACH - GLAVNI TRG - STARI PERON,Glavni trg 20,"{'lat': 46.557328, 'lng': 15.646833}",4.1,88,2.3,1.9,0,0.0,974.1,20,9
10,2024-04-17 04:00:00,TELEMACH - GLAVNI TRG - STARI PERON,Glavni trg 20,"{'lat': 46.557328, 'lng': 15.646833}",2.8,94,1.9,0.5,0,0.0,973.6,20,10
10,2024-04-17 05:00:00,TELEMACH - GLAVNI TRG - STARI PERON,Glavni trg 20,"{'lat': 46.557328, 'lng': 15.646833}",1.8,100,1.8,-0.3,0,0.0,972.3,20,7
10,2024-04-17 06:00:00,TELEMACH - GLAVNI TRG - STARI PERON,Glavni trg 20,"{'lat': 46.557328, 'lng': 15.646833}",2.2,98,1.9,-0.1,0,0.0,973.1,20,0
10,2024-04-17 07:00:00,TELEMACH - GLAVNI TRG - STARI PERON,Glavni trg 20,"{'lat': 46.557328, 'lng': 15.646833}",1.9,97,1.4,-0.5,0,0.0,973.2,20,3
10,2024-04-17 08:00:00,TELEMACH - GLAVNI TRG - STARI PERON,Glavni trg 20,"{'lat': 46.557328, 'lng': 15.646833}",3.3,89,1.6,0.7,0,0.0,973.3,20,7
10,2024-04-17 09:00:00,TELEMACH - GLAVNI TRG - STARI PERON,Glavni trg 20,"{'lat': 46.557328, 'lng': 15.646833}",5.9,79,2.5,3.5,1,0.0,973.7,20,6
10,2024-04-17 10:00:00,TELEMACH - GLAVNI TRG - STARI PERON,Glavni trg 20,"{'lat': 46.557328, 'lng': 15.646833}",7.8,75,3.6,5.5,2,0.0,974.1,20,2
10,2024-04-17 11:00:00,TELEMACH - GLAVNI TRG - STARI PERON,Glavni trg 20,"{'lat': 46.557328, 'lng': 15.646833}",9.1,72,4.3,8.1,3,0.0,974.2,20,9
10,2024-04-17 12:00:00,TELEMACH - GLAVNI TRG - STARI PERON,Glavni trg 20,"{'lat': 46.557328, 'lng': 15.646833}",10.8,60,3.3,9.1,35,0.0,973.7,20,4
10,2024-04-17 13:00:00,TELEMACH - GLAVNI TRG - STARI PERON,Glavni trg 20,"{'lat': 46.557328, 'lng': 15.646833}",11.9,55,3.2,10.0,59,0.0,972.9,20,15
10,2024-04-17 14:00:00,TELEMACH - GLAVNI TRG - STARI PERON,Glavni trg 20,"{'lat': 46.557328, 'lng': 15.646833}",11.8,57,3.5,10.3,84,0.0,973.0,20,17
10,2024-04-17 15:00:00,TELEMACH - GLAVNI TRG - STARI PERON,Glavni trg 20,"{'lat': 46.557328, 'lng': 15.646833}",13.1,46,1.7,10.6,88,0.0,972.4,20,10
10,2024-04-17 16:00:00,TELEMACH - GLAVNI TRG - STARI PERON,Glavni trg 20,"{'lat': 46.557328, 'lng': 15.646833}",13.0,50,2.8,9.4,93,0.0,972.0,20,12
10,2024-04-17 17:00:00,TELEMACH - GLAVNI TRG - STARI PERON,Glavni trg 20,"{'lat': 46.557328, 'lng': 15.646833}",12.3,54,3.3,9.0,97,0.0,972.4,20,9
10,2024-04-17 18:00:00,TELEMACH - GLAVNI TRG - STARI PERON,Glavni trg 20,"{'lat': 46.557328, 'lng': 15.646833}",11.7,57,3.5,9.5,96,0.0,972.5,20,13
10,2024-04-17 19:00:00,TELEMACH - GLAVNI TRG - STARI PERON,Glavni trg 20,"{'lat': 46.557328, 'lng': 15.646833}",10.0,81,6.9,7.9,95,0.0,973.9,20,8
10,2024-04-17 20:00:00,TELEMACH - GLAVNI TRG - STARI PERON,Glavni trg 20,"{'lat': 46.557328, 'lng': 15.646833}",9.7,71,4.7,8.2,100,0.0,974.8,20,10
10,2024-04-17 21:00:00,TELEMACH - GLAVNI TRG - STARI PERON,Glavni trg 20,"{'lat': 46.557328, 'lng': 15.646833}",9.1,75,4.9,7.3,95,0.0,975.4,20,9
10,2024-04-18 00:00:00,TELEMACH - GLAVNI TRG - STARI PERON,Glavni trg 20,"{'lat': 46.557328, 'lng': 15.646833}",8.3,58,0.5,5.1,56,0.0,976.3,20,12
10,2024-04-18 00:00:00,TELEMACH - GLAVNI TRG - STARI PERON,Glavni trg 20,"{'lat': 46.557328, 'lng': 15.646833}",8.2,59,0.6,4.8,56,0.0,976.1,20,14
10,2024-04-18 01:00:00,TELEMACH - GLAVNI TRG - STARI PERON,Glavni trg 20,"{'lat': 46.557328, 'lng': 15.646833}",7.6,69,2.3,4.9,28,0.0,976.2,20,16
10,2024-04-18 02:00:00,TELEMACH - GLAVNI TRG - STARI PERON,Glavni trg 20,"{'lat': 46.557328, 'lng': 15.646833}",7.2,74,2.8,4.0,0,0.0,975.9,20,16
10,2024-04-18 02:00:00,TELEMACH - GLAVNI TRG - STARI PERON,Glavni trg 20,"{'lat': 46.557328, 'lng': 15.646833}",7.2,74,2.8,4.0,0,0.0,975.9,20,16
10,2024-04-18 03:00:00,TELEMACH - GLAVNI TRG - STARI PERON,Glavni trg 20,"{'lat': 46.557328, 'lng': 15.646833}",7.0,73,2.5,4.6,0,0.0,976.4,20,16
10,2024-04-18 04:00:00,TELEMACH - GLAVNI TRG - STARI PERON,Glavni trg 20,"{'lat': 46.557328, 'lng': 15.646833}",6.2,79,2.8,3.8,0,0.0,976.3,20,16
10,2024-04-18 05:00:00,TELEMACH - GLAVNI TRG - STARI PERON,Glavni trg 20,"{'lat': 46.557328, 'lng': 15.646833}",5.6,86,3.4,3.6,0,0.0,976.5,20,15
10,2024-04-18 06:00:00,TELEMACH - GLAVNI TRG - STARI PERON,Glavni trg 20,"{'lat': 46.557328, 'lng': 15.646833}",5.3,88,3.4,3.2,0,0.0,976.6,20,11
10,2024-04-18 07:00:00,TELEMACH - GLAVNI TRG - STARI PERON,Glavni trg 20,"{'lat': 46.557328, 'lng': 15.646833}",5.7,85,3.3,3.2,0,0.0,977.1,20,3
10,2024-04-18 08:00:00,TELEMACH - GLAVNI TRG - STARI PERON,Glavni trg 20,"{'lat': 46.557328, 'lng': 15.646833}",7.0,80,3.8,5.1,0,0.0,977.4,20,16
10,2024-04-18 09:00:00,TELEMACH - GLAVNI TRG - STARI PERON,Glavni trg 20,"{'lat': 46.557328, 'lng': 15.646833}",7.7,78,4.1,5.7,13,0.0,977.8,20,16
10,2024-04-18 10:00:00,TELEMACH - GLAVNI TRG - STARI PERON,Glavni trg 20,"{'lat': 46.557328, 'lng': 15.646833}",8.8,70,3.6,7.1,26,0.0,978.5,20,9
10,2024-04-18 11:00:00,TELEMACH - GLAVNI TRG - STARI PERON,Glavni trg 20,"{'lat': 46.557328, 'lng': 15.646833}",10.6,48,0.0,7.2,39,0.0,978.3,20,17
10,2024-04-18 12:00:00,TELEMACH - GLAVNI TRG - STARI PERON,Glavni trg 20,"{'lat': 46.557328, 'lng': 15.646833}",10.3,56,1.9,7.2,75,0.0,979.0,20,16
10,2024-04-18 13:00:00,TELEMACH - GLAVNI TRG - STARI PERON,Glavni trg 20,"{'lat': 46.557328, 'lng': 15.646833}",11.1,53,1.9,8.7,83,0.0,978.7,20,18
10,2024-04-18 14:00:00,TELEMACH - GLAVNI TRG - STARI PERON,Glavni trg 20,"{'lat': 46.557328, 'lng': 15.646833}",8.4,70,3.3,5.7,90,0.0,979.6,20,20
10,2024-04-18 15:00:00,TELEMACH - GLAVNI TRG - STARI PERON,Glavni trg 20,"{'lat': 46.557328, 'lng': 15.646833}",9.6,63,2.9,6.7,92,0.0,979.7,20,11
10,2024-04-18 16:00:00,TELEMACH - GLAVNI TRG - STARI PERON,Glavni trg 20,"{'lat': 46.557328, 'lng': 15.646833}",10.1,56,1.7,7.7,95,0.0,979.6,20,9
10,2024-04-18 17:00:00,TELEMACH - GLAVNI TRG - STARI PERON,Glavni trg 20,"{'lat': 46.557328, 'lng': 15.646833}",10.2,54,1.3,7.5,97,0.0,979.9,20,11
10,2024-04-18 18:00:00,TELEMACH - GLAVNI TRG - STARI PERON,Glavni trg 20,"{'lat': 46.557328, 'lng': 15.646833}",10.5,54,1.6,7.9,89,0.0,980.3,20,12
10,2024-04-18 19:00:00,TELEMACH - GLAVNI TRG - STARI PERON,Glavni trg 20,"{'lat': 46.557328, 'lng': 15.646833}",10.2,58,2.3,7.6,88,0.0,980.7,20,13
10,2024-04-18 20:00:00,TELEMACH - GLAVNI TRG - STARI PERON,Glavni trg 20,"{'lat': 46.557328, 'lng': 15.646833}",8.7,63,2.1,5.9,84,0.0,981.5,20,9
10,2024-04-18 21:00:00,TELEMACH - GLAVNI TRG - STARI PERON,Glavni trg 20,"{'lat': 46.557328, 'lng': 15.646833}",8.0,72,3.3,5.6,59,0.0,982.1,20,13
10,2024-04-19 00:00:00,TELEMACH - GLAVNI TRG - STARI PERON,Glavni trg 20,"{'lat': 46.557328, 'lng': 15.646833}",6.4,80,3.2,4.1,7,0.0,983.7,20,18
10,2024-04-19 00:00:00,TELEMACH - GLAVNI TRG - STARI PERON,Glavni trg 20,"{'lat': 46.557328, 'lng': 15.646833}",5.5,90,4.0,3.4,7,0.0,983.7,20,18
10,2024-04-19 01:00:00,TELEMACH - GLAVNI TRG - STARI PERON,Glavni trg 20,"{'lat': 46.557328, 'lng': 15.646833}",5.2,89,3.5,3.1,3,0.0,984.1,20,18
10,2024-04-19 02:00:00,TELEMACH - GLAVNI TRG - STARI PERON,Glavni trg 20,"{'lat': 46.557328, 'lng': 15.646833}",4.6,80,1.4,1.8,0,0.0,984.2,20,19
10,2024-04-19 02:00:00,TELEMACH - GLAVNI TRG - STARI PERON,Glavni trg 20,"{'lat': 46.557328, 'lng': 15.646833}",4.6,80,1.4,1.8,0,0.0,984.2,20,19
10,2024-04-19 03:00:00,TELEMACH - GLAVNI TRG - STARI PERON,Glavni trg 20,"{'lat': 46.557328, 'lng': 15.646833}",3.7,80,0.6,0.9,0,0.0,983.9,20,19
10,2024-04-19 04:00:00,TELEMACH - GLAVNI TRG - STARI PERON,Glavni trg 20,"{'lat': 46.557328, 'lng': 15.646833}",2.7,85,0.4,-0.1,0,0.0,984.5,20,19
10,2024-04-19 05:00:00,TELEMACH - GLAVNI TRG - STARI PERON,Glavni trg 20,"{'lat': 46.557328, 'lng': 15.646833}",2.8,82,-0.0,-0.1,0,0.0,984.4,20,16
10,2024-04-19 06:00:00,TELEMACH - GLAVNI TRG - STARI PERON,Glavni trg 20,"{'lat': 46.557328, 'lng': 15.646833}",2.5,82,-0.3,-0.4,0,0.0,984.7,20,8
10,2024-04-19 07:00:00,TELEMACH - GLAVNI TRG - STARI PERON,Glavni trg 20,"{'lat': 46.557328, 'lng': 15.646833}",2.2,87,0.3,-0.4,0,0.0,984.8,20,2
10,2024-04-19 08:00:00,TELEMACH - GLAVNI TRG - STARI PERON,Glavni trg 20,"{'lat': 46.557328, 'lng': 15.646833}",4.9,75,0.8,2.6,0,0.0,984.4,20,13
10,2024-04-19 09:00:00,TELEMACH - GLAVNI TRG - STARI PERON,Glavni trg 20,"{'lat': 46.557328, 'lng': 15.646833}",7.2,63,0.6,4.6,0,0.0,984.7,20,17
10,2024-04-19 10:00:00,TELEMACH - GLAVNI TRG - STARI PERON,Glavni trg 20,"{'lat': 46.557328, 'lng': 15.646833}",8.9,56,0.6,6.1,0,0.0,984.3,20,16
10,2024-04-19 11:00:00,TELEMACH - GLAVNI TRG - STARI PERON,Glavni trg 20,"{'lat': 46.557328, 'lng': 15.646833}",10.1,51,0.4,7.9,0,0.0,983.6,20,11
10,2024-04-19 12:00:00,TELEMACH - GLAVNI TRG - STARI PERON,Glavni trg 20,"{'lat': 46.557328, 'lng': 15.646833}",11.1,48,0.5,9.2,1,0.0,983.4,20,11
10,2024-04-19 13:00:00,TELEMACH - GLAVNI TRG - STARI PERON,Glavni trg 20,"{'lat': 46.557328, 'lng': 15.646833}",12.0,49,1.6,10.4,2,0.0,982.7,20,20
10,2024-04-19 14:00:00,TELEMACH - GLAVNI TRG - STARI PERON,Glavni trg 20,"{'lat': 46.557328, 'lng': 15.646833}",12.5,44,0.5,9.9,3,0.0,982.4,20,20
10,2024-04-19 15:00:00,TELEMACH - GLAVNI TRG - STARI PERON,Glavni trg 20,"{'lat': 46.557328, 'lng': 15.646833}",12.4,48,1.7,9.4,2,0.0,980.4,20,20
10,2024-04-19 16:00:00,TELEMACH - GLAVNI TRG - STARI PERON,Glavni trg 20,"{'lat': 46.557328, 'lng': 15.646833}",13.3,37,-1.1,9.8,1,0.0,979.2,20,16
10,2024-04-19 17:00:00,TELEMACH - GLAVNI TRG - STARI PERON,Glavni trg 20,"{'lat': 46.557328, 'lng': 15.646833}",13.0,36,-1.7,8.2,0,0.0,978.6,20,9
10,2024-04-19 18:00:00,TELEMACH - GLAVNI TRG - STARI PERON,Glavni trg 20,"{'lat': 46.557328, 'lng': 15.646833}",12.6,40,-0.7,8.1,0,0.0,978.0,20,13
10,2024-04-19 19:00:00,TELEMACH - GLAVNI TRG - STARI PERON,Glavni trg 20,"{'lat': 46.557328, 'lng': 15.646833}",11.8,45,0.2,7.5,0,0.0,977.2,20,10
10,2024-04-19 21:00:00,TELEMACH - GLAVNI TRG - STARI PERON,Glavni trg 20,"{'lat': 46.557328, 'lng': 15.646833}",10.2,39,-3.1,6.6,0,0.0,976.9,20,19
10,2024-04-20 00:00:00,TELEMACH - GLAVNI TRG - STARI PERON,Glavni trg 20,"{'lat': 46.557328, 'lng': 15.646833}",7.3,56,-0.9,4.6,0,0.0,976.3,20,20
10,2024-04-20 00:00:00,TELEMACH - GLAVNI TRG - STARI PERON,Glavni trg 20,"{'lat': 46.557328, 'lng': 15.646833}",6.9,61,-0.1,4.5,0,0.0,975.9,20,20
10,2024-04-20 01:00:00,TELEMACH - GLAVNI TRG - STARI PERON,Glavni trg 20,"{'lat': 46.557328, 'lng': 15.646833}",6.3,67,0.6,4.0,0,0.0,975.6,20,20
10,2024-04-20 02:00:00,TELEMACH - GLAVNI TRG - STARI PERON,Glavni trg 20,"{'lat': 46.557328, 'lng': 15.646833}",4.4,80,1.3,2.4,0,0.0,975.7,20,18
10,2024-04-20 02:00:00,TELEMACH - GLAVNI TRG - STARI PERON,Glavni trg 20,"{'lat': 46.557328, 'lng': 15.646833}",4.4,80,1.3,2.4,0,0.0,975.7,20,19
10,2024-04-20 03:00:00,TELEMACH - GLAVNI TRG - STARI PERON,Glavni trg 20,"{'lat': 46.557328, 'lng': 15.646833}",4.8,82,2.0,2.8,0,0.0,975.3,20,19
10,2024-04-20 04:00:00,TELEMACH - GLAVNI TRG - STARI PERON,Glavni trg 20,"{'lat': 46.557328, 'lng': 15.646833}",6.7,58,-1.0,3.5,0,0.0,975.2,20,19
10,2024-04-20 05:00:00,TELEMACH - GLAVNI TRG - STARI PERON,Glavni trg 20,"{'lat': 46.557328, 'lng': 15.646833}",6.8,63,0.2,3.4,0,0.0,975.5,20,19
10,2024-04-20 06:00:00,TELEMACH - GLAVNI TRG - STARI PERON,Glavni trg 20,"{'lat': 46.557328, 'lng': 15.646833}",6.2,68,0.7,3.3,1,0.0,975.7,20,18
10,2024-04-20 07:00:00,TELEMACH - GLAVNI TRG - STARI PERON,Glavni trg 20,"{'lat': 46.557328, 'lng': 15.646833}",4.9,79,1.5,2.3,2,0.0,976.8,20,16
10,2024-04-20 08:00:00,TELEMACH - GLAVNI TRG - STARI PERON,Glavni trg 20,"{'lat': 46.557328, 'lng': 15.646833}",6.7,78,3.1,4.6,3,0.0,976.9,20,13
10,2024-04-20 09:00:00,TELEMACH - GLAVNI TRG - STARI PERON,Glavni trg 20,"{'lat': 46.557328, 'lng': 15.646833}",9.5,61,2.3,7.2,2,0.0,978.1,20,15
10,2024-04-20 10:00:00,TELEMACH - GLAVNI TRG - STARI PERON,Glavni trg 20,"{'lat': 46.557328, 'lng': 15.646833}",11.0,54,2.0,8.3,1,0.0,978.2,20,12
10,2024-04-20 11:00:00,TELEMACH - GLAVNI TRG - STARI PERON,Glavni trg 20,"{'lat': 46.557328, 'lng': 15.646833}",12.1,45,0.5,9.7,0,0.0,978.7,20,16
10,2024-04-20 12:00:00,TELEMACH - GLAVNI TRG - STARI PERON,Glavni trg 20,"{'lat': 46.557328, 'lng': 15.646833}",13.4,35,-1.8,10.9,28,0.0,978.9,20,12
10,2024-04-20 13:00:00,TELEMACH - GLAVNI TRG - STARI PERON,Glavni trg 20,"{'lat': 46.557328, 'lng': 15.646833}",13.9,40,0.5,12.1,58,0.0,978.6,20,18
10,2024-04-20 14:00:00,TELEMACH - GLAVNI TRG - STARI PERON,Glavni trg 20,"{'lat': 46.557328, 'lng': 15.646833}",12.6,49,2.1,9.5,87,0.0,979.6,20,16
10,2024-04-20 15:00:00,TELEMACH - GLAVNI TRG - STARI PERON,Glavni trg 20,"{'lat': 46.557328, 'lng': 15.646833}",13.1,46,1.7,11.1,90,0.0,979.1,20,17
10,2024-04-20 16:00:00,TELEMACH - GLAVNI TRG - STARI PERON,Glavni trg 20,"{'lat': 46.557328, 'lng': 15.646833}",13.0,48,2.2,9.2,94,0.0,979.0,20,13
10,2024-04-20 17:00:00,TELEMACH - GLAVNI TRG - STARI PERON,Glavni trg 20,"{'lat': 46.557328, 'lng': 15.646833}",13.4,39,-0.3,9.5,97,0.0,979.8,20,7
10,2024-04-20 18:00:00,TELEMACH - GLAVNI TRG - STARI PERON,Glavni trg 20,"{'lat': 46.557328, 'lng': 15.646833}",12.3,37,-2.0,7.7,95,0.0,980.1,20,3
10,2024-04-20 19:00:00,TELEMACH - GLAVNI TRG - STARI PERON,Glavni trg 20,"{'lat': 46.557328, 'lng': 15.646833}",11.1,41,-1.7,6.5,92,0.0,981.0,20,0
10,2024-04-20 20:00:00,TELEMACH - GLAVNI TRG - STARI PERON,Glavni trg 20,"{'lat': 46.557328, 'lng': 15.646833}",10.2,42,-2.1,6.5,97,0.0,981.5,20,2
10,2024-04-20 21:00:00,TELEMACH - GLAVNI TRG - STARI PERON,Glavni trg 20,"{'lat': 46.557328, 'lng': 15.646833}",8.8,48,-1.6,5.8,68,0.0,982.4,20,4
10,2024-04-21 00:00:00,TELEMACH - GLAVNI TRG - STARI PERON,Glavni trg 20,"{'lat': 46.557328, 'lng': 15.646833}",5.8,66,-0.1,3.3,7,0.0,984.1,20,11
10,2024-04-21 00:00:00,TELEMACH - GLAVNI TRG - STARI PERON,Glavni trg 20,"{'lat': 46.557328, 'lng': 15.646833}",5.9,63,-0.6,3.0,7,0.0,983.8,20,15
10,2024-04-21 01:00:00,TELEMACH - GLAVNI TRG - STARI PERON,Glavni trg 20,"{'lat': 46.557328, 'lng': 15.646833}",5.7,60,-1.5,2.5,3,0.0,984.3,20,16
10,2024-04-21 02:00:00,TELEMACH - GLAVNI TRG - STARI PERON,Glavni trg 20,"{'lat': 46.557328, 'lng': 15.646833}",4.4,65,-1.6,1.4,0,0.0,983.8,20,15
10,2024-04-21 02:00:00,TELEMACH - GLAVNI TRG - STARI PERON,Glavni trg 20,"{'lat': 46.557328, 'lng': 15.646833}",4.4,65,-1.6,1.4,0,0.0,983.8,20,15
10,2024-04-21 03:00:00,TELEMACH - GLAVNI TRG - STARI PERON,Glavni trg 20,"{'lat': 46.557328, 'lng': 15.646833}",3.8,68,-1.6,0.8,0,0.0,983.9,20,15
10,2024-04-21 04:00:00,TELEMACH - GLAVNI TRG - STARI PERON,Glavni trg 20,"{'lat': 46.557328, 'lng': 15.646833}",3.0,73,-1.4,0.1,0,0.0,983.9,20,13
10,2024-04-21 05:00:00,TELEMACH - GLAVNI TRG - STARI PERON,Glavni trg 20,"{'lat': 46.557328, 'lng': 15.646833}",2.3,77,-1.3,-0.7,0,0.0,984.0,20,13
10,2024-04-21 06:00:00,TELEMACH - GLAVNI TRG - STARI PERON,Glavni trg 20,"{'lat': 46.557328, 'lng': 15.646833}",1.6,81,-1.3,-1.1,0,0.0,983.8,20,11
10,2024-04-21 07:00:00,TELEMACH - GLAVNI TRG - STARI PERON,Glavni trg 20,"{'lat': 46.557328, 'lng': 15.646833}",1.3,83,-1.3,-1.4,0,0.0,984.0,20,10
10,2024-04-21 08:00:00,TELEMACH - GLAVNI TRG - STARI PERON,Glavni trg 20,"{'lat': 46.557328, 'lng': 15.646833}",3.9,78,0.4,1.6,0,0.0,984.0,20,9
10,2024-04-21 09:00:00,TELEMACH - GLAVNI TRG - STARI PERON,Glavni trg 20,"{'lat': 46.557328, 'lng': 15.646833}",6.3,59,-1.2,3.4,0,0.0,983.3,20,10
10,2024-04-21 10:00:00,TELEMACH - GLAVNI TRG - STARI PERON,Glavni trg 20,"{'lat': 46.557328, 'lng': 15.646833}",8.1,55,-0.4,5.3,0,0.0,983.8,20,6
10,2024-04-21 11:00:00,TELEMACH - GLAVNI TRG - STARI PERON,Glavni trg 20,"{'lat': 46.557328, 'lng': 15.646833}",9.7,44,-2.0,6.5,0,0.0,983.7,20,5
10,2024-04-21 12:00:00,TELEMACH - GLAVNI TRG - STARI PERON,Glavni trg 20,"{'lat': 46.557328, 'lng': 15.646833}",10.7,39,-2.7,8.0,0,0.0,982.6,20,4
10,2024-04-21 13:00:00,TELEMACH - GLAVNI TRG - STARI PERON,Glavni trg 20,"{'lat': 46.557328, 'lng': 15.646833}",11.5,37,-2.7,8.5,0,0.0,982.1,20,7
10,2024-04-21 14:00:00,TELEMACH - GLAVNI TRG - STARI PERON,Glavni trg 20,"{'lat': 46.557328, 'lng': 15.646833}",12.0,34,-3.4,8.6,10,0.0,981.6,20,6
10,2024-04-21 15:00:00,TELEMACH - GLAVNI TRG - STARI PERON,Glavni trg 20,"{'lat': 46.557328, 'lng': 15.646833}",12.4,35,-2.7,9.1,14,0.0,981.5,20,8
10,2024-04-21 16:00:00,TELEMACH - GLAVNI TRG - STARI PERON,Glavni trg 20,"{'lat': 46.557328, 'lng': 15.646833}",12.3,34,-3.1,8.6,19,0.0,981.3,20,13
10,2024-04-21 17:00:00,TELEMACH - GLAVNI TRG - STARI PERON,Glavni trg 20,"{'lat': 46.557328, 'lng': 15.646833}",11.9,35,-3.1,8.0,23,0.0,981.4,20,14
10,2024-04-21 18:00:00,TELEMACH - GLAVNI TRG - STARI PERON,Glavni trg 20,"{'lat': 46.557328, 'lng': 15.646833}",11.0,39,-2.5,7.1,26,0.0,981.9,20,8
10,2024-04-21 19:00:00,TELEMACH - GLAVNI TRG - STARI PERON,Glavni trg 20,"{'lat': 46.557328, 'lng': 15.646833}",10.4,39,-3.0,6.6,29,0.0,982.7,20,5
10,2024-04-21 20:00:00,TELEMACH - GLAVNI TRG - STARI PERON,Glavni trg 20,"{'lat': 46.557328, 'lng': 15.646833}",9.3,44,-2.3,6.3,6,0.0,982.7,20,2
10,2024-04-22 00:00:00,TELEMACH - GLAVNI TRG - STARI PERON,Glavni trg 20,"{'lat': 46.557328, 'lng': 15.646833}",5.1,62,-1.6,2.1,0,0.0,985.9,20,3
10,2024-04-22 00:00:00,TELEMACH - GLAVNI TRG - STARI PERON,Glavni trg 20,"{'lat': 46.557328, 'lng': 15.646833}",4.8,67,-0.8,2.2,0,0.1,985.6,20,7
10,2024-04-22 01:00:00,TELEMACH - GLAVNI TRG - STARI PERON,Glavni trg 20,"{'lat': 46.557328, 'lng': 15.646833}",4.4,69,-0.8,1.7,0,0.1,986.1,20,11
10,2024-04-22 02:00:00,TELEMACH - GLAVNI TRG - STARI PERON,Glavni trg 20,"{'lat': 46.557328, 'lng': 15.646833}",2.7,81,-0.3,0.2,0,0.1,985.7,20,11
10,2024-04-22 02:00:00,TELEMACH - GLAVNI TRG - STARI PERON,Glavni trg 20,"{'lat': 46.557328, 'lng': 15.646833}",2.7,81,-0.3,0.2,0,0.1,985.7,20,11
10,2024-04-22 03:00:00,TELEMACH - GLAVNI TRG - STARI PERON,Glavni trg 20,"{'lat': 46.557328, 'lng': 15.646833}",1.8,86,-0.3,-0.7,0,0.0,985.5,20,11
10,2024-04-22 04:00:00,TELEMACH - GLAVNI TRG - STARI PERON,Glavni trg 20,"{'lat': 46.557328, 'lng': 15.646833}",1.6,83,-1.0,-1.0,0,0.0,986.0,20,10
10,2024-04-22 05:00:00,TELEMACH - GLAVNI TRG - STARI PERON,Glavni trg 20,"{'lat': 46.557328, 'lng': 15.646833}",1.0,88,-0.8,-1.6,0,0.0,985.6,20,7
10,2024-04-22 06:00:00,TELEMACH - GLAVNI TRG - STARI PERON,Glavni trg 20,"{'lat': 46.557328, 'lng': 15.646833}",0.6,88,-1.2,-1.9,0,0.0,985.6,20,9
10,2024-04-22 07:00:00,TELEMACH - GLAVNI TRG - STARI PERON,Glavni trg 20,"{'lat': 46.557328, 'lng': 15.646833}",0.3,88,-1.5,-2.2,0,0.0,986.4,20,6
10,2024-04-22 08:00:00,TELEMACH - GLAVNI TRG - STARI PERON,Glavni trg 20,"{'lat': 46.557328, 'lng': 15.646833}",2.7,76,-1.1,0.3,0,0.1,985.9,20,10
10,2024-04-22 09:00:00,TELEMACH - GLAVNI TRG - STARI PERON,Glavni trg 20,"{'lat': 46.557328, 'lng': 15.646833}",5.7,63,-0.8,3.0,0,0.1,986.4,20,5
10,2024-04-22 10:00:00,TELEMACH - GLAVNI TRG - STARI PERON,Glavni trg 20,"{'lat': 46.557328, 'lng': 15.646833}",7.5,56,-0.8,4.5,0,0.1,986.6,20,3
10,2024-04-22 11:00:00,TELEMACH - GLAVNI TRG - STARI PERON,Glavni trg 20,"{'lat': 46.557328, 'lng': 15.646833}",8.5,50,-1.4,4.9,0,0.1,986.6,20,14
10,2024-04-22 12:00:00,TELEMACH - GLAVNI TRG - STARI PERON,Glavni trg 20,"{'lat': 46.557328, 'lng': 15.646833}",9.5,43,-2.5,6.5,0,0.1,986.7,20,13
10,2024-04-22 13:00:00,TELEMACH - GLAVNI TRG - STARI PERON,Glavni trg 20,"{'lat': 46.557328, 'lng': 15.646833}",10.3,41,-2.4,6.7,0,0.1,985.8,20,12
10,2024-04-22 15:00:00,TELEMACH - GLAVNI TRG - STARI PERON,Glavni trg 20,"{'lat': 46.557328, 'lng': 15.646833}",10.1,47,-0.7,6.3,1,0.3,985.4,20,17
10,2024-04-22 16:00:00,TELEMACH - GLAVNI TRG - STARI PERON,Glavni trg 20,"{'lat': 46.557328, 'lng': 15.646833}",9.8,50,-0.2,5.7,2,0.3,985.4,20,17
10,2024-04-22 17:00:00,TELEMACH - GLAVNI TRG - STARI PERON,Glavni trg 20,"{'lat': 46.557328, 'lng': 15.646833}",9.1,54,0.2,5.1,3,0.3,985.4,20,19
10,2024-04-22 18:00:00,TELEMACH - GLAVNI TRG - STARI PERON,Glavni trg 20,"{'lat': 46.557328, 'lng': 15.646833}",8.6,58,0.8,4.9,0,0.3,985.5,20,14
10,2024-04-22 19:00:00,TELEMACH - GLAVNI TRG - STARI PERON,Glavni trg 20,"{'lat': 46.557328, 'lng': 15.646833}",8.0,64,1.6,5.1,0,0.3,985.6,20,11
10,2024-04-22 20:00:00,TELEMACH - GLAVNI TRG - STARI PERON,Glavni trg 20,"{'lat': 46.557328, 'lng': 15.646833}",7.8,64,1.4,5.4,0,0.3,985.9,20,6
10,2024-04-22 21:00:00,TELEMACH - GLAVNI TRG - STARI PERON,Glavni trg 20,"{'lat': 46.557328, 'lng': 15.646833}",7.4,66,1.4,4.7,22,0.3,985.5,20,6
10,2024-04-23 00:00:00,TELEMACH - GLAVNI TRG - STARI PERON,Glavni trg 20,"{'lat': 46.557328, 'lng': 15.646833}",5.8,74,1.5,2.6,77,0.3,985.2,20,6
10,2024-04-23 00:00:00,TELEMACH - GLAVNI TRG - STARI PERON,Glavni trg 20,"{'lat': 46.557328, 'lng': 15.646833}",6.1,74,1.8,3.1,77,0.3,985.8,20,6
10,2024-04-23 01:00:00,TELEMACH - GLAVNI TRG - STARI PERON,Glavni trg 20,"{'lat': 46.557328, 'lng': 15.646833}",5.3,81,2.3,1.9,88,0.3,985.3,20,6
10,2024-04-23 02:00:00,TELEMACH - GLAVNI TRG - STARI PERON,Glavni trg 20,"{'lat': 46.557328, 'lng': 15.646833}",4.3,85,2.0,0.7,100,0.3,985.6,20,7
10,2024-04-23 02:00:00,TELEMACH - GLAVNI TRG - STARI PERON,Glavni trg 20,"{'lat': 46.557328, 'lng': 15.646833}",4.3,85,2.0,0.7,100,0.3,985.6,20,7
10,2024-04-23 03:00:00,TELEMACH - GLAVNI TRG - STARI PERON,Glavni trg 20,"{'lat': 46.557328, 'lng': 15.646833}",3.0,88,1.2,-1.0,100,0.3,984.9,20,7
10,2024-04-23 04:00:00,TELEMACH - GLAVNI TRG - STARI PERON,Glavni trg 20,"{'lat': 46.557328, 'lng': 15.646833}",2.8,89,1.2,-0.7,100,0.3,984.2,20,6
10,2024-04-23 05:00:00,TELEMACH - GLAVNI TRG - STARI PERON,Glavni trg 20,"{'lat': 46.557328, 'lng': 15.646833}",2.3,91,1.0,-1.2,100,0.3,983.8,20,7
10,2024-04-23 06:00:00,TELEMACH - GLAVNI TRG - STARI PERON,Glavni trg 20,"{'lat': 46.557328, 'lng': 15.646833}",2.6,90,1.1,-1.0,100,1.9,983.3,20,7
10,2024-04-23 07:00:00,TELEMACH - GLAVNI TRG - STARI PERON,Glavni trg 20,"{'lat': 46.557328, 'lng': 15.646833}",2.6,90,1.1,-0.9,100,2.0,983.2,20,7
10,2024-04-23 08:00:00,TELEMACH - GLAVNI TRG - STARI PERON,Glavni trg 20,"{'lat': 46.557328, 'lng': 15.646833}",3.0,88,1.2,-0.3,100,1.9,983.4,20,6
10,2024-04-23 09:00:00,TELEMACH - GLAVNI TRG - STARI PERON,Glavni trg 20,"{'lat': 46.557328, 'lng': 15.646833}",3.4,87,1.5,-0.1,100,1.2,983.3,20,10
10,2024-04-23 10:00:00,TELEMACH - GLAVNI TRG - STARI PERON,Glavni trg 20,"{'lat': 46.557328, 'lng': 15.646833}",3.5,87,1.6,-0.2,100,0.8,982.9,20,10
10,2024-04-23 11:00:00,TELEMACH - GLAVNI TRG - STARI PERON,Glavni trg 20,"{'lat': 46.557328, 'lng': 15.646833}",4.0,84,1.6,0.3,100,1.2,982.1,20,11
10,2024-04-23 12:00:00,TELEMACH - GLAVNI TRG - STARI PERON,Glavni trg 20,"{'lat': 46.557328, 'lng': 15.646833}",4.4,83,1.8,0.8,88,1.0,982.0,20,9
10,2024-04-23 13:00:00,TELEMACH - GLAVNI TRG - STARI PERON,Glavni trg 20,"{'lat': 46.557328, 'lng': 15.646833}",4.9,83,2.3,1.7,93,0.7,981.3,20,11
10,2024-04-23 14:00:00,TELEMACH - GLAVNI TRG - STARI PERON,Glavni trg 20,"{'lat': 46.557328, 'lng': 15.646833}",4.4,83,1.8,0.4,90,1.4,980.7,20,13
10,2024-04-23 15:00:00,TELEMACH - GLAVNI TRG - STARI PERON,Glavni trg 20,"{'lat': 46.557328, 'lng': 15.646833}",5.0,81,2.0,1.4,83,0.2,980.2,20,15
10,2024-04-23 16:00:00,TELEMACH - GLAVNI TRG - STARI PERON,Glavni trg 20,"{'lat': 46.557328, 'lng': 15.646833}",4.7,84,2.2,1.3,75,0.2,979.7,20,17
10,2024-04-23 17:00:00,TELEMACH - GLAVNI TRG - STARI PERON,Glavni trg 20,"{'lat': 46.557328, 'lng': 15.646833}",4.7,82,1.9,0.8,68,0.8,979.2,20,10
10,2024-04-23 18:00:00,TELEMACH - GLAVNI TRG - STARI PERON,Glavni trg 20,"{'lat': 46.557328, 'lng': 15.646833}",5.0,80,1.8,1.2,72,0.1,979.0,20,12
10,2024-04-23 19:00:00,TELEMACH - GLAVNI TRG - STARI PERON,Glavni trg 20,"{'lat': 46.557328, 'lng': 15.646833}",5.0,82,2.1,1.2,77,0.2,978.3,20,15
10,2024-04-23 20:00:00,TELEMACH - GLAVNI TRG - STARI PERON,Glavni trg 20,"{'lat': 46.557328, 'lng': 15.646833}",5.0,82,2.1,1.3,81,0.5,978.0,20,15
10,2024-04-23 21:00:00,TELEMACH - GLAVNI TRG - STARI PERON,Glavni trg 20,"{'lat': 46.557328, 'lng': 15.646833}",5.1,82,2.3,1.5,93,0.4,977.8,20,15
10,2024-04-24 00:00:00,TELEMACH - GLAVNI TRG - STARI PERON,Glavni trg 20,"{'lat': 46.557328, 'lng': 15.646833}",5.1,85,2.7,1.9,100,4.0,977.4,20,15
10,2024-04-24 00:00:00,TELEMACH - GLAVNI TRG - STARI PERON,Glavni trg 20,"{'lat': 46.557328, 'lng': 15.646833}",4.9,84,2.4,0.9,100,4.5,976.4,20,15
10,2024-04-24 01:00:00,TELEMACH - GLAVNI TRG - STARI PERON,Glavni trg 20,"{'lat': 46.557328, 'lng': 15.646833}",4.7,84,2.2,0.5,100,1.6,976.2,20,15
10,2024-04-24 02:00:00,TELEMACH - GLAVNI TRG - STARI PERON,Glavni trg 20,"{'lat': 46.557328, 'lng': 15.646833}",4.1,87,2.1,0.8,100,1.1,976.4,20,13
10,2024-04-24 02:00:00,TELEMACH - GLAVNI TRG - STARI PERON,Glavni trg 20,"{'lat': 46.557328, 'lng': 15.646833}",4.1,87,2.1,0.8,100,1.1,976.4,20,13
10,2024-04-24 03:00:00,TELEMACH - GLAVNI TRG - STARI PERON,Glavni trg 20,"{'lat': 46.557328, 'lng': 15.646833}",4.3,85,2.0,1.2,100,0.2,976.0,20,13
10,2024-04-24 04:00:00,TELEMACH - GLAVNI TRG - STARI PERON,Glavni trg 20,"{'lat': 46.557328, 'lng': 15.646833}",4.7,83,2.0,1.4,100,0.1,975.9,20,13
10,2024-04-24 05:00:00,TELEMACH - GLAVNI TRG - STARI PERON,Glavni trg 20,"{'lat': 46.557328, 'lng': 15.646833}",4.7,84,2.2,1.5,100,0.2,975.0,20,14
10,2024-04-24 06:00:00,TELEMACH - GLAVNI TRG - STARI PERON,Glavni trg 20,"{'lat': 46.557328, 'lng': 15.646833}",5.1,82,2.2,2.0,100,0.1,974.9,20,13
10,2024-04-24 07:00:00,TELEMACH - GLAVNI TRG - STARI PERON,Glavni trg 20,"{'lat': 46.557328, 'lng': 15.646833}",5.2,84,2.7,2.2,100,0.7,974.9,20,8
10,2024-04-24 08:00:00,TELEMACH - GLAVNI TRG - STARI PERON,Glavni trg 20,"{'lat': 46.557328, 'lng': 15.646833}",5.6,83,3.0,2.8,100,0.9,975.6,20,7
10,2024-04-24 09:00:00,TELEMACH - GLAVNI TRG - STARI PERON,Glavni trg 20,"{'lat': 46.557328, 'lng': 15.646833}",6.3,77,2.6,3.3,100,0.6,974.9,20,9
10,2024-04-24 10:00:00,TELEMACH - GLAVNI TRG - STARI PERON,Glavni trg 20,"{'lat': 46.557328, 'lng': 15.646833}",7.1,75,2.9,4.1,100,0.3,975.7,20,5
10,2024-04-24 11:00:00,TELEMACH - GLAVNI TRG - STARI PERON,Glavni trg 20,"{'lat': 46.557328, 'lng': 15.646833}",7.2,78,3.6,4.8,100,0.1,975.7,20,10
10,2024-04-24 12:00:00,TELEMACH - GLAVNI TRG - STARI PERON,Glavni trg 20,"{'lat': 46.557328, 'lng': 15.646833}",8.0,70,2.9,5.5,77,0.2,975.4,20,8
10,2024-04-24 13:00:00,TELEMACH - GLAVNI TRG - STARI PERON,Glavni trg 20,"{'lat': 46.557328, 'lng': 15.646833}",8.7,67,2.9,6.1,72,0.3,975.0,20,11
10,2024-04-24 14:00:00,TELEMACH - GLAVNI TRG - STARI PERON,Glavni trg 20,"{'lat': 46.557328, 'lng': 15.646833}",8.6,69,3.2,6.7,68,0.3,975.3,20,18
10,2024-04-24 15:00:00,TELEMACH - GLAVNI TRG - STARI PERON,Glavni trg 20,"{'lat': 46.557328, 'lng': 15.646833}",8.2,78,4.6,5.9,71,0.0,975.1,20,19
10,2024-04-24 16:00:00,TELEMACH - GLAVNI TRG - STARI PERON,Glavni trg 20,"{'lat': 46.557328, 'lng': 15.646833}",8.4,74,4.0,5.9,74,0.2,975.0,20,14
10,2024-04-24 17:00:00,TELEMACH - GLAVNI TRG - STARI PERON,Glavni trg 20,"{'lat': 46.557328, 'lng': 15.646833}",8.6,74,4.2,6.1,77,0.2,975.1,20,14
10,2024-04-24 18:00:00,TELEMACH - GLAVNI TRG - STARI PERON,Glavni trg 20,"{'lat': 46.557328, 'lng': 15.646833}",7.9,79,4.4,5.6,76,0.3,975.2,20,9
10,2024-04-24 19:00:00,TELEMACH - GLAVNI TRG - STARI PERON,Glavni trg 20,"{'lat': 46.557328, 'lng': 15.646833}",7.4,85,5.1,5.6,75,0.9,975.0,20,9
10,2024-04-24 20:00:00,TELEMACH - GLAVNI TRG - STARI PERON,Glavni trg 20,"{'lat': 46.557328, 'lng': 15.646833}",7.3,86,5.1,5.7,94,0.2,976.3,20,5
10,2024-04-24 21:00:00,TELEMACH - GLAVNI TRG - STARI PERON,Glavni trg 20,"{'lat': 46.557328, 'lng': 15.646833}",6.8,90,5.3,5.3,88,0.1,976.6,20,6
10,2024-04-25 00:00:00,TELEMACH - GLAVNI TRG - STARI PERON,Glavni trg 20,"{'lat': 46.557328, 'lng': 15.646833}",5.5,81,2.5,2.6,63,0.5,977.3,20,5
10,2024-04-25 00:00:00,TELEMACH - GLAVNI TRG - STARI PERON,Glavni trg 20,"{'lat': 46.557328, 'lng': 15.646833}",5.7,80,2.5,2.9,63,0.0,977.0,20,5
10,2024-04-25 01:00:00,TELEMACH - GLAVNI TRG - STARI PERON,Glavni trg 20,"{'lat': 46.557328, 'lng': 15.646833}",5.5,78,2.0,2.7,49,0.1,977.0,20,6
10,2024-04-25 02:00:00,TELEMACH - GLAVNI TRG - STARI PERON,Glavni trg 20,"{'lat': 46.557328, 'lng': 15.646833}",5.0,84,2.5,2.8,100,0.0,977.0,20,6
10,2024-04-25 02:00:00,TELEMACH - GLAVNI TRG - STARI PERON,Glavni trg 20,"{'lat': 46.557328, 'lng': 15.646833}",5.0,84,2.5,2.8,100,0.0,977.0,20,6
10,2024-04-25 03:00:00,TELEMACH - GLAVNI TRG - STARI PERON,Glavni trg 20,"{'lat': 46.557328, 'lng': 15.646833}",4.5,86,2.4,2.2,90,0.0,976.4,20,6
10,2024-04-25 04:00:00,TELEMACH - GLAVNI TRG - STARI PERON,Glavni trg 20,"{'lat': 46.557328, 'lng': 15.646833}",4.5,84,2.0,2.1,81,0.0,976.4,20,6
10,2024-04-25 05:00:00,TELEMACH - GLAVNI TRG - STARI PERON,Glavni trg 20,"{'lat': 46.557328, 'lng': 15.646833}",4.9,82,2.1,2.3,71,0.0,976.2,20,2
10,2024-04-25 06:00:00,TELEMACH - GLAVNI TRG - STARI PERON,Glavni trg 20,"{'lat': 46.557328, 'lng': 15.646833}",4.9,80,1.7,1.8,52,0.0,975.9,20,17
10,2024-04-25 07:00:00,TELEMACH - GLAVNI TRG - STARI PERON,Glavni trg 20,"{'lat': 46.557328, 'lng': 15.646833}",5.3,81,2.3,2.0,32,0.0,976.6,20,18
10,2024-04-25 08:00:00,TELEMACH - GLAVNI TRG - STARI PERON,Glavni trg 20,"{'lat': 46.557328, 'lng': 15.646833}",5.8,77,2.1,2.6,13,0.1,977.5,20,19
10,2024-04-25 09:00:00,TELEMACH - GLAVNI TRG - STARI PERON,Glavni trg 20,"{'lat': 46.557328, 'lng': 15.646833}",6.0,76,2.1,3.2,18,0.5,978.3,20,18
10,2024-04-25 10:00:00,TELEMACH - GLAVNI TRG - STARI PERON,Glavni trg 20,"{'lat': 46.557328, 'lng': 15.646833}",6.3,75,2.2,3.7,33,1.2,978.4,20,16
10,2024-04-25 11:00:00,TELEMACH - GLAVNI TRG - STARI PERON,Glavni trg 20,"{'lat': 46.557328, 'lng': 15.646833}",6.7,73,2.2,4.2,48,0.6,978.9,20,11
10,2024-04-25 12:00:00,TELEMACH - GLAVNI TRG - STARI PERON,Glavni trg 20,"{'lat': 46.557328, 'lng': 15.646833}",7.4,67,1.6,4.8,93,0.2,978.7,20,7
10,2024-04-25 13:00:00,TELEMACH - GLAVNI TRG - STARI PERON,Glavni trg 20,"{'lat': 46.557328, 'lng': 15.646833}",7.5,70,2.4,5.5,97,0.5,978.2,20,12
10,2024-04-25 14:00:00,TELEMACH - GLAVNI TRG - STARI PERON,Glavni trg 20,"{'lat': 46.557328, 'lng': 15.646833}",8.3,66,2.3,6.3,100,0.2,977.9,20,13
10,2024-04-25 15:00:00,TELEMACH - GLAVNI TRG - STARI PERON,Glavni trg 20,"{'lat': 46.557328, 'lng': 15.646833}",8.6,64,2.2,6.3,85,0.1,977.8,20,13
10,2024-04-25 16:00:00,TELEMACH - GLAVNI TRG - STARI PERON,Glavni trg 20,"{'lat': 46.557328, 'lng': 15.646833}",8.5,67,2.7,6.0,70,0.2,977.7,20,9
10,2024-04-25 17:00:00,TELEMACH - GLAVNI TRG - STARI PERON,Glavni trg 20,"{'lat': 46.557328, 'lng': 15.646833}",8.6,66,2.6,6.2,55,0.1,977.7,20,7
10,2024-04-25 18:00:00,TELEMACH - GLAVNI TRG - STARI PERON,Glavni trg 20,"{'lat': 46.557328, 'lng': 15.646833}",8.4,68,2.8,5.7,42,0.0,977.3,20,10
10,2024-04-25 19:00:00,TELEMACH - GLAVNI TRG - STARI PERON,Glavni trg 20,"{'lat': 46.557328, 'lng': 15.646833}",7.8,73,3.3,5.3,29,0.0,977.6,20,9
10,2024-04-25 20:00:00,TELEMACH - GLAVNI TRG - STARI PERON,Glavni trg 20,"{'lat': 46.557328, 'lng': 15.646833}",7.1,79,3.7,5.0,16,0.0,978.0,20,12
10,2024-04-25 21:00:00,TELEMACH - GLAVNI TRG - STARI PERON,Glavni trg 20,"{'lat': 46.557328, 'lng': 15.646833}",6.3,79,2.9,4.4,17,0.0,979.1,20,16
10,2024-04-26 00:00:00,TELEMACH - GLAVNI TRG - STARI PERON,Glavni trg 20,"{'lat': 46.557328, 'lng': 15.646833}",2.9,93,1.9,0.8,0,0.0,979.2,20,20
10,2024-04-26 00:00:00,TELEMACH - GLAVNI TRG - STARI PERON,Glavni trg 20,"{'lat': 46.557328, 'lng': 15.646833}",3.3,95,2.6,1.3,0,0.0,979.3,20,20
10,2024-04-26 01:00:00,TELEMACH - GLAVNI TRG - STARI PERON,Glavni trg 20,"{'lat': 46.557328, 'lng': 15.646833}",3.0,96,2.4,1.1,0,0.0,979.2,20,20
10,2024-04-26 02:00:00,TELEMACH - GLAVNI TRG - STARI PERON,Glavni trg 20,"{'lat': 46.557328, 'lng': 15.646833}",2.4,99,2.2,0.2,0,0.0,979.4,20,20
10,2024-04-26 02:00:00,TELEMACH - GLAVNI TRG - STARI PERON,Glavni trg 20,"{'lat': 46.557328, 'lng': 15.646833}",2.4,99,2.2,0.2,0,0.0,979.4,20,20
10,2024-04-26 03:00:00,TELEMACH - GLAVNI TRG - STARI PERON,Glavni trg 20,"{'lat': 46.557328, 'lng': 15.646833}",2.1,98,1.8,0.2,0,0.0,979.3,20,20
10,2024-04-26 04:00:00,TELEMACH - GLAVNI TRG - STARI PERON,Glavni trg 20,"{'lat': 46.557328, 'lng': 15.646833}",1.7,100,1.7,-0.4,0,0.0,979.6,20,20
10,2024-04-26 05:00:00,TELEMACH - GLAVNI TRG - STARI PERON,Glavni trg 20,"{'lat': 46.557328, 'lng': 15.646833}",1.9,100,1.9,-0.2,0,0.0,979.4,20,15
10,2024-04-26 06:00:00,TELEMACH - GLAVNI TRG - STARI PERON,Glavni trg 20,"{'lat': 46.557328, 'lng': 15.646833}",1.4,100,1.4,-0.7,0,0.0,979.3,20,11
10,2024-04-26 07:00:00,TELEMACH - GLAVNI TRG - STARI PERON,Glavni trg 20,"{'lat': 46.557328, 'lng': 15.646833}",2.1,98,1.8,0.0,0,0.0,979.4,20,11
10,2024-04-26 08:00:00,TELEMACH - GLAVNI TRG - STARI PERON,Glavni trg 20,"{'lat': 46.557328, 'lng': 15.646833}",4.0,89,2.4,2.1,0,0.0,979.9,20,10
10,2024-04-26 09:00:00,TELEMACH - GLAVNI TRG - STARI PERON,Glavni trg 20,"{'lat': 46.557328, 'lng': 15.646833}",6.6,78,3.0,4.4,0,0.0,980.0,20,14
10,2024-04-26 10:00:00,TELEMACH - GLAVNI TRG - STARI PERON,Glavni trg 20,"{'lat': 46.557328, 'lng': 15.646833}",9.1,70,3.9,7.4,0,0.0,980.3,20,6
10,2024-04-26 11:00:00,TELEMACH - GLAVNI TRG - STARI PERON,Glavni trg 20,"{'lat': 46.557328, 'lng': 15.646833}",11.0,59,3.3,9.4,0,0.0,980.1,20,2
10,2024-04-26 12:00:00,TELEMACH - GLAVNI TRG - STARI PERON,Glavni trg 20,"{'lat': 46.557328, 'lng': 15.646833}",12.5,52,2.9,11.2,0,0.0,979.9,20,9
10,2024-04-26 13:00:00,TELEMACH - GLAVNI TRG - STARI PERON,Glavni trg 20,"{'lat': 46.557328, 'lng': 15.646833}",13.6,50,3.4,13.2,0,0.0,979.2,20,12
10,2024-04-26 14:00:00,TELEMACH - GLAVNI TRG - STARI PERON,Glavni trg 20,"{'lat': 46.557328, 'lng': 15.646833}",14.7,42,1.9,12.9,0,0.0,978.8,20,16
10,2024-04-26 15:00:00,TELEMACH - GLAVNI TRG - STARI PERON,Glavni trg 20,"{'lat': 46.557328, 'lng': 15.646833}",14.8,42,2.0,11.5,4,0.0,978.6,20,20
10,2024-04-26 16:00:00,TELEMACH - GLAVNI TRG - STARI PERON,Glavni trg 20,"{'lat': 46.557328, 'lng': 15.646833}",14.7,43,2.3,11.4,9,0.0,978.6,20,15
10,2024-04-26 17:00:00,TELEMACH - GLAVNI TRG - STARI PERON,Glavni trg 20,"{'lat': 46.557328, 'lng': 15.646833}",15.3,40,1.8,11.8,13,0.0,978.6,20,7
10,2024-04-26 18:00:00,TELEMACH - GLAVNI TRG - STARI PERON,Glavni trg 20,"{'lat': 46.557328, 'lng': 15.646833}",14.4,46,2.9,10.8,11,0.0,978.8,20,3
10,2024-04-26 19:00:00,TELEMACH - GLAVNI TRG - STARI PERON,Glavni trg 20,"{'lat': 46.557328, 'lng': 15.646833}",13.3,56,4.7,10.5,8,0.0,979.1,20,0
10,2024-04-26 20:00:00,TELEMACH - GLAVNI TRG - STARI PERON,Glavni trg 20,"{'lat': 46.557328, 'lng': 15.646833}",12.3,55,3.5,10.4,0,0.0,979.0,20,2
10,2024-04-26 21:00:00,TELEMACH - GLAVNI TRG - STARI PERON,Glavni trg 20,"{'lat': 46.557328, 'lng': 15.646833}",10.7,62,3.7,8.7,0,0.0,980.4,20,6
10,2024-04-27 00:00:00,TELEMACH - GLAVNI TRG - STARI PERON,Glavni trg 20,"{'lat': 46.557328, 'lng': 15.646833}",7.7,78,4.1,5.8,0,0.0,980.5,20,6
10,2024-04-27 00:00:00,TELEMACH - GLAVNI TRG - STARI PERON,Glavni trg 20,"{'lat': 46.557328, 'lng': 15.646833}",7.7,77,3.9,5.8,0,0.0,980.4,20,10
10,2024-04-27 01:00:00,TELEMACH - GLAVNI TRG - STARI PERON,Glavni trg 20,"{'lat': 46.557328, 'lng': 15.646833}",7.5,73,2.9,5.2,0,0.0,980.7,20,16
10,2024-04-27 02:00:00,TELEMACH - GLAVNI TRG - STARI PERON,Glavni trg 20,"{'lat': 46.557328, 'lng': 15.646833}",6.5,79,3.1,4.2,0,0.0,981.5,20,20
10,2024-04-27 02:00:00,TELEMACH - GLAVNI TRG - STARI PERON,Glavni trg 20,"{'lat': 46.557328, 'lng': 15.646833}",6.5,79,3.1,4.2,0,0.0,981.5,20,20
10,2024-04-27 03:00:00,TELEMACH - GLAVNI TRG - STARI PERON,Glavni trg 20,"{'lat': 46.557328, 'lng': 15.646833}",5.9,82,3.0,3.9,0,0.0,981.6,20,20
10,2024-04-27 04:00:00,TELEMACH - GLAVNI TRG - STARI PERON,Glavni trg 20,"{'lat': 46.557328, 'lng': 15.646833}",5.5,84,3.0,3.6,0,0.0,981.6,20,20
10,2024-04-27 05:00:00,TELEMACH - GLAVNI TRG - STARI PERON,Glavni trg 20,"{'lat': 46.557328, 'lng': 15.646833}",4.0,90,2.5,2.1,0,0.0,981.7,20,20
10,2024-04-27 06:00:00,TELEMACH - GLAVNI TRG - STARI PERON,Glavni trg 20,"{'lat': 46.557328, 'lng': 15.646833}",2.7,94,1.8,0.8,0,0.0,981.4,20,19
10,2024-04-27 07:00:00,TELEMACH - GLAVNI TRG - STARI PERON,Glavni trg 20,"{'lat': 46.557328, 'lng': 15.646833}",3.2,90,1.7,1.2,0,0.0,982.1,20,13
